,name,company,year,Price,kms_driven,fuel_type,price
0,HyundaiSantroXing,Hyundai,2007,"80,000",45000,Petrol,80000
1,MahindraJeepCL550,Mahindra,2006,"4,25,000",40,Diesel,425000
2,HyundaiGrandi10,Hyundai,2014,"3,25,000",28000,Petrol,325000
3,FordEcoSportTitanium,Ford,2014,"5,75,000",36000,Diesel,575000
4,FordFigo,Ford,2012,"1,75,000",41000,Diesel,175000
5,HyundaiEon,Hyundai,2013,"1,90,000",25000,Petrol,190000
6,FordEcoSportAmbiente,Ford,2016,"8,30,000",24530,Diesel,830000
7,MarutiSuzukiAlto,Maruti,2015,"2,50,000",60000,Petrol,250000
8,SkodaFabiaClassic,Skoda,2010,"1,82,000",60000,Petrol,182000
9,MarutiSuzukiStingray,Maruti,2015,"3,15,000",30000,Petrol,315000
10,HyundaiElitei20,Hyundai,2014,"4,15,000",32000,Petrol,415000
11,MahindraScorpioSLE,Mahindra,2015,"3,20,000",48660,Diesel,320000
12,HyundaiSantroXing,Hyundai,2007,"80,000",45000,Petrol,80000
13,MahindraJeepCL550,Mahindra,2006,"4,25,000",40,Diesel,425000
14,AudiA8,Audi,2017,"10,00,000",4000,Petrol,1000000
15,AudiQ7,Audi,2014,"5,00,000",16934,Diesel,500000
16,MahindraScorpioS10,Mahindra,2016,"3,50,000",43000,Diesel,350000
17,MarutiSuzukiAlto,Maruti,2014,"1,60,000",35550,Petrol,160000
18,MahindraScorpioS10,Mahindra,2016,"3,50,000",43000,Diesel,350000
19,MahindraScorpioS10,Mahindra,2016,"3,10,000",39522,Diesel,310000
20,MarutiSuzukiAlto,Maruti,2015,"75,000",39000,Petrol,75000
21,Hyundaii20Sportz,Hyundai,2012,"1,00,000",55000,Petrol,100000
22,Hyundaii20Sportz,Hyundai,2012,"1,00,000",55000,Petrol,100000
23,Hyundaii20Sportz,Hyundai,2012,"1,00,000",55000,Petrol,100000
24,MarutiSuzukiAlto,Maruti,2017,"1,90,000",72000,Petrol,190000
25,MarutiSuzukiVitara,Maruti,2016,"2,90,000",15975,Diesel,290000
26,MarutiSuzukiAlto,Maruti,2008,"95,000",70000,Petrol,95000
27,MahindraBoleroDI,Mahindra,2017,"1,80,000",23452,Diesel,180000
28,MarutiSuzukiSwift,Maruti,2014,"3,85,000",35522,Diesel,385000
29,MahindraScorpioS10,Mahindra,2015,"2,50,000",48508,Diesel,250000
30,MarutiSuzukiSwift,Maruti,2017,"1,80,000",15487,Petrol,180000
31,MarutiSuzukiWagon,Maruti,2013,"1,05,000",39000,Petrol,105000
32,MarutiSuzukiWagon,Maruti,2013,"1,05,000",39000,Petrol,105000
33,ToyotaInnova2.0,Toyota,2012,"6,50,000",82000,Diesel,650000
34,RenaultLodgy85,Renault,2018,"6,89,999",20000,Diesel,689999
35,SkodaYetiAmbition,Skoda,2012,"4,48,000",68000,Diesel,448000
36,MarutiSuzukiBaleno,Maruti,2017,"5,49,000",32000,Diesel,549000
37,RenaultDuster110,Renault,2012,"5,01,000",38000,Diesel,501000
38,RenaultDuster85,Renault,2013,"4,89,999",27000,Diesel,489999
39,HondaCity1.5,Honda,2011,"2,80,000",33000,Petrol,280000
40,MarutiSuzukiAlto,Maruti,2015,"2,50,000",60000,Petrol,250000
41,MarutiSuzukiDzire,Maruti,2013,"3,49,999",46000,Diesel,349999
42,HondaAmaze,Honda,2013,"2,84,999",46000,Diesel,284999
43,HondaAmaze1.5,Honda,2015,"3,45,000",36000,Diesel,345000
44,HondaCity,Honda,2015,"4,99,999",55000,Petrol,499999
45,DatsunRediGO,Datsun,2017,"2,35,000",16000,Petrol,235000
46,MarutiSuzukiSX4,Maruti,2010,"2,49,999",36000,Petrol,249999
47,MitsubishiPajeroSport,Mitsubishi,2015,"14,75,000",47000,Diesel,1475000
48,MahindraBoleroDI,Mahindra,2017,"1,80,000",23452,Diesel,180000
49,MarutiSuzukiSwift,Maruti,2014,"3,85,000",35522,Diesel,385000
50,MahindraScorpioS10,Mahindra,2015,"2,50,000",48508,Diesel,250000
51,MarutiSuzukiSwift,Maruti,2017,"1,80,000",15487,Petrol,180000
52,MarutiSuzukiWagon,Maruti,2013,"1,05,000",39000,Petrol,105000
53,MarutiSuzukiWagon,Maruti,2013,"1,05,000",39000,Petrol,105000
54,MahindraScorpioS10,Mahindra,2015,"3,95,000",35000,Diesel,395000
55,MarutiSuzukiSwift,Maruti,2017,"2,20,000",30874,Petrol,220000
56,HondaCityZX,Honda,2017,"1,70,000",15000,Diesel,170000
57,MarutiSuzukiWagon,Maruti,2013,"85,000",29685,Petrol,85000
58,FordFigo,Ford,2012,"1,75,000",41000,Diesel,175000
59,HyundaiEon,Hyundai,2013,"1,90,000",25000,Petrol,190000
60,TataIndigoeCS,Tata,2017,"2,00,000",130000,Diesel,200000
61,FordEcoSportAmbiente,Ford,2016,"8,30,000",24530,Diesel,830000
62,TataIndigoeCS,Tata,2017,"2,00,000",130000,Diesel,200000
63,MahindraScorpioSLE,Mahindra,2012,"5,70,000",19000,Diesel,570000
64,VolkswagenPoloHighline,Volkswagen,2014,"3,15,000",60000,Petrol,315000
65,SkodaFabiaClassic,Skoda,2010,"1,82,000",60000,Petrol,182000
66,MarutiSuzukiStingray,Maruti,2015,"3,15,000",30000,Petrol,315000
67,ChevroletSparkLS,Chevrolet,2010,"1,10,000",41000,Petrol,110000
68,RenaultDuster110PS,Renault,2012,"5,01,000",35000,Diesel,501000
69,HondaCity,Honda,2015,"4,48,999",54000,Petrol,448999
70,MiniCooperS,Mini,2013,"18,91,111",13000,Petrol,1891111
71,DatsunRediGO,Datsun,2017,"2,35,000",16000,Petrol,235000
72,SkodaFabia1.2L,Skoda,2011,"1,59,500",38200,Diesel,159500
73,HondaAmaze,Honda,2015,"3,44,999",22000,Petrol,344999
74,HondaAmaze,Honda,2015,"3,44,999",22000,Petrol,344999
75,RenaultDuster,Renault,2014,"4,49,999",50000,Diesel,449999
76,MiniCooperS,Mini,2013,"18,91,111",13500,Petrol,1891111
77,MahindraScorpioS4,Mahindra,2015,"8,65,000",30000,Diesel,865000
78,MahindraScorpioVLX,Mahindra,2014,"6,99,000",50000,Diesel,699000
79,MahindraQuantoC8,Mahindra,2013,"3,75,000",20000,Diesel,375000
80,FordEcoSport,Ford,2017,"4,89,999",39000,Petrol,489999
81,HondaBrio,Honda,2012,"2,24,999",30000,Petrol,224999
82,VolkswagenVentoHighline,Volkswagen,2019,"12,00,000",3600,Diesel,1200000
83,Hyundaii20Magna,Hyundai,2009,"1,95,000",32000,Petrol,195000
84,ToyotaCorollaAltis,Toyota,2010,"3,51,000",38000,Diesel,351000
85,HyundaiVernaTransform,Hyundai,2008,"1,60,000",45000,Petrol,160000
86,ToyotaCorollaAltis,Toyota,2009,"2,40,000",35000,Petrol,240000
87,HondaCity1.5,Honda,2005,"90,000",50000,Petrol,90000
88,HyundaiElitei20,Hyundai,2014,"4,15,000",32000,Petrol,415000
89,SkodaFabia1.2L,Skoda,2011,"1,55,000",45863,Diesel,155000
90,BMW3Series,BMW,2011,"6,00,000",60500,Petrol,600000
91,MarutiSuzukiA,Maruti,2011,"1,89,500",12500,Petrol,189500
92,ToyotaEtiosGD,Toyota,2013,"3,50,000",60000,Diesel,350000
93,FordFigoDiesel,Ford,2012,"2,10,000",35000,Diesel,210000
94,MarutiSuzukiSwift,Maruti,2014,"3,90,000",35000,Petrol,390000
95,ChevroletBeatLT,Chevrolet,2012,"1,35,000",45000,Diesel,135000
96,BMW7Series,BMW,2009,"16,00,000",35000,Petrol,1600000
97,MahindraXUV500W8,Mahindra,2013,"7,01,000",38000,Diesel,701000
98,Hyundaii10Magna,Hyundai,2014,"2,65,000",18000,Petrol,265000
99,HyundaiVernaFluidic,Hyundai,2015,"5,25,000",35000,Diesel,525000
100,MarutiSuzukiSwift,Maruti,2013,"3,72,000",13349,Petrol,372000
101,MarutiSuzukiErtiga,Maruti,2016,"6,35,000",29000,Petrol,635000
102,FordEcoSportTitanium,Ford,2014,"5,50,000",44000,Diesel,550000
103,MarutiSuzukiErtiga,Maruti,2016,"5,75,000",29000,Petrol,575000
104,MarutiSuzukiErtiga,Maruti,2013,"4,85,000",42000,Diesel,485000
105,MarutiSuzukiAlto,Maruti,2012,"1,55,000",14000,Petrol,155000
106,HyundaiGrandi10,Hyundai,2014,"3,45,000",49000,Diesel,345000
107,HondaAmaze1.2,Honda,2014,"3,25,000",42000,Petrol,325000
108,Hyundaii20Asta,Hyundai,2012,"3,29,500",36200,Diesel,329500
109,FordFigoDiesel,Ford,2014,"1,95,000",50000,Diesel,195000
110,MarutiSuzukiEeco,Maruti,2015,"2,51,111",55000,Petrol,251111
111,MarutiSuzukiErtiga,Maruti,2014,"5,69,999",45000,Petrol,569999
112,MarutiSuzukiEsteem,Maruti,2007,"69,999",51000,Petrol,69999
113,MarutiSuzukiRitz,Maruti,2014,"2,99,999",19000,Petrol,299999
114,MarutiSuzukiDzire,Maruti,2009,"2,20,000",46000,Petrol,220000
115,MarutiSuzukiRitz,Maruti,2013,"3,99,999",33000,Diesel,399999
116,MarutiSuzukiSwift,Maruti,2013,"3,72,000",13349,Petrol,372000
117,MarutiSuzukiDzire,Maruti,2015,"4,50,000",104000,Diesel,450000
118,ToyotaEtiosLiva,Toyota,2014,"2,70,000",55000,Petrol,270000
119,Hyundaii20Sportz,Hyundai,2011,"3,50,000",33333,Diesel,350000
120,ChevroletSpark,Chevrolet,2012,"1,58,400",33600,Petrol,158400
121,MarutiSuzukiAlto,Maruti,2017,"3,50,000",5600,Petrol,350000
122,NissanMicraXV,Nissan,2011,"1,79,000",41000,Petrol,179000
123,MarutiSuzukiSwift,Maruti,2007,"1,25,000",70000,Petrol,125000
124,MarutiSuzukiAlto,Maruti,2018,"2,00,000",7500,Petrol,200000
125,HondaAmaze1.5,Honda,2013,"2,99,000",45000,Diesel,299000
126,MarutiSuzukiAlto,Maruti,2015,"2,20,000",38000,Petrol,220000
127,ChevroletBeat,Chevrolet,2015,"1,50,000",30000,Petrol,150000
128,HondaCity1.5,Honda,2010,"2,85,000",35000,Petrol,285000
129,FordEcoSportTrend,Ford,2016,"8,30,000",24330,Diesel,830000
130,Hyundaii20Asta,Hyundai,2009,"2,10,000",65480,Petrol,210000
131,MarutiSuzukiSwift,Maruti,2013,"3,40,000",41000,Petrol,340000
132,TataIndicaV2,Tata,2006,"90,000",20000,Petrol,90000
133,HindustanMotorsAmbassador,Hindustan,2000,"70,000",200000,Diesel,70000
134,ToyotaCorollaAltis,Toyota,2010,"2,89,999",70000,Petrol,289999
135,ToyotaCorollaAltis,Toyota,2012,"3,49,999",59000,Petrol,349999
136,ToyotaInnova2.5,Toyota,2012,"8,49,999",99000,Diesel,849999
137,VolkswagenJettaHighline,Volkswagen,2014,"7,49,999",46000,Diesel,749999
138,VolkswagenPoloComfortline,Volkswagen,2015,"3,99,999",2800,Petrol,399999
139,VolkswagenPolo,Volkswagen,2014,"2,74,999",32000,Petrol,274999
140,MahindraScorpio,Mahindra,2015,"9,84,999",22000,Diesel,984999
141,RenaultDuster,Renault,2014,"4,49,999",50000,Diesel,449999
142,HondaAmaze,Honda,2015,"3,44,999",22000,Petrol,344999
143,NissanSunny,Nissan,2012,"2,24,999",45000,Petrol,224999
144,HyundaiElitei20,Hyundai,2018,"5,99,999",21000,Petrol,599999
145,RenaultKwid,Renault,2016,"2,44,999",11000,Petrol,244999
146,RenaultDuster,Renault,2013,"3,99,999",41000,Diesel,399999
147,FordEcoSport,Ford,2017,"4,89,999",39000,Petrol,489999
148,RenaultDuster,Renault,2014,"4,74,999",50000,Diesel,474999
149,MahindraScorpioVLX,Mahindra,2011,"4,99,999",66000,Diesel,499999
150,MarutiSuzukiAlto,Maruti,2018,"3,10,000",3000,Petrol,310000
151,ChevroletSparkLT,Chevrolet,2010,"85,000",45000,Petrol,85000
152,DatsunRediGO,Datsun,2016,"2,45,000",7000,Petrol,245000
153,MarutiSuzukiSwift,Maruti,2010,"1,89,500",38500,Diesel,189500
154,FiatPuntoEmotion,Fiat,2012,"1,69,500",37200,Diesel,169500
155,MarutiSuzukiSwift,Maruti,2010,"1,59,500",43200,Diesel,159500
156,ToyotaEtiosGD,Toyota,2013,"2,75,000",24800,Petrol,275000
157,Hyundaii20Sportz,Hyundai,2014,"3,70,000",60000,Diesel,370000
158,Hyundaii10Sportz,Hyundai,2010,"1,68,000",45872,Petrol,168000
159,ChevroletBeatLT,Chevrolet,2011,"1,50,000",40000,Diesel,150000
160,ChevroletBeatLS,Chevrolet,2011,"1,45,000",45000,Diesel,145000
161,ChevroletBeatLT,Chevrolet,2012,"98,500",38000,Diesel,98500
162,MahindraScorpioVLX,Mahindra,2014,"6,99,000",50000,Diesel,699000
163,TataIndigoCS,Tata,2011,"85,000",11400,Diesel,85000
164,ToyotaCorollaAltis,Toyota,2015,"5,75,000",42000,Petrol,575000
165,HondaCity1.5,Honda,2014,"5,49,000",39000,Petrol,549000
166,MarutiSuzukiSwift,Maruti,2011,"2,09,000",47000,Diesel,209000
167,HyundaiEonEra,Hyundai,2013,"1,85,000",27000,Petrol,185000
168,MahindraScorpioS10,Mahindra,2015,"9,00,000",97200,Diesel,900000
169,MahindraXUV500,Mahindra,2014,"6,99,999",52000,Diesel,699999
170,HondaBrio,Honda,2012,"2,24,999",30000,Petrol,224999
171,FordFiesta,Ford,2011,"2,74,999",55000,Diesel,274999
172,HondaAmaze,Honda,2013,"2,84,999",46000,Diesel,284999
173,HondaCity,Honda,2015,"5,99,999",30000,Diesel,599999
174,MarutiSuzukiWagon,Maruti,2012,"1,99,999",44000,Petrol,199999
175,HondaCity,Honda,2014,"5,44,999",45000,Diesel,544999
176,Hyundaii20,Hyundai,2009,"1,99,000",31000,Petrol,199000
177,TataIndigoeCS,Tata,2016,"3,20,000",175430,Diesel,320000
178,HyundaiFluidicVerna,Hyundai,2015,"5,40,000",38000,Diesel,540000
179,MahindraQuantoC8,Mahindra,2013,"3,40,000",37000,Diesel,340000
180,FiatPetraELX,Fiat,2008,"75,000",65000,Petrol,75000
181,SkodaFabia1.2L,Skoda,2011,"1,59,500",38200,Diesel,159500
182,MiniCooperS,Mini,2013,"18,91,111",13000,Petrol,1891111
183,HyundaiSantroXing,Hyundai,2005,"49,000",7500,Petrol,49000
184,MarutiSuzukiCiaz,Maruti,2016,"7,00,000",3350,Petrol,700000
185,MarutiSuzukiZen,Maruti,2000,"55,000",60000,Petrol,55000
186,HondaCity,Honda,2015,"4,48,999",54000,Petrol,448999
187,HyundaiCreta1.6,Hyundai,2017,"8,95,000",32000,Petrol,895000
188,MahindraScorpioSLX,Mahindra,2007,"3,55,000",75000,Diesel,355000
189,MahindraScorpioSLE,Mahindra,2012,"5,65,000",62000,Diesel,565000
190,ToyotaInnova2.5,Toyota,2006,"3,65,000",73000,Diesel,365000
191,MarutiSuzukiAlto,Maruti,2011,"1,45,000",41000,Petrol,145000
192,MarutiSuzukiWagon,Maruti,2011,"2,10,000",35000,Petrol,210000
193,TataNanoCx,Tata,2013,"40,000",2200,Petrol,40000
194,MarutiSuzukiAlto,Maruti,2013,"1,25,000",39000,Petrol,125000
195,MarutiSuzukiWagon,Maruti,2009,"1,35,000",45000,Petrol,135000
196,MarutiSuzukiSwift,Maruti,2006,"1,35,000",45000,Petrol,135000
197,TataSumoVicta,Tata,2012,"2,85,000",65000,Diesel,285000
198,MarutiSuzukiWagon,Maruti,2010,"1,45,000",54870,Petrol,145000
199,MarutiSuzukiAlto,Maruti,2010,"1,35,000",34580,Petrol,135000
200,VolkswagenPassatDiesel,Volkswagen,2009,"4,50,000",97000,Diesel,450000
201,RenaultScalaRxL,Renault,2015,"3,75,000",25000,Diesel,375000
202,MahindraQuantoC8,Mahindra,2013,"3,75,000",20000,Diesel,375000
203,HyundaiGrandi10,Hyundai,2014,"3,65,000",20000,Petrol,365000
204,Hyundaii20Active,Hyundai,2015,"5,00,000",18000,Petrol,500000
205,MahindraXyloE4,Mahindra,2012,"4,00,000",35000,Diesel,400000
206,MahindraJeepMM,Mahindra,2019,"3,90,000",60,Diesel,390000
207,RenaultDuster110PS,Renault,2012,"5,01,000",35000,Diesel,501000
208,MahindraBoleroSLE,Mahindra,2013,"3,30,000",80200,Diesel,330000
209,ForceMotorsForce,Force,2015,"5,80,000",3200,Diesel,580000
210,MarutiSuzukiSX4,Maruti,2012,"2,65,000",46000,Diesel,265000
211,MahindraJeepCL550,Mahindra,2019,"3,79,000",0,Diesel,379000
212,MarutiSuzukiAlto,Maruti,2015,"2,19,000",5000,Petrol,219000
213,MahindraJeepCL550,Mahindra,2018,"3,85,000",588,Diesel,385000
214,ToyotaEtios,Toyota,2011,"2,75,000",36000,Diesel,275000
215,VolkswagenPolo,Volkswagen,2015,"3,30,000",38000,Diesel,330000
216,HondaCityZX,Honda,2008,"1,10,000",45000,Petrol,110000
217,MarutiSuzukiWagon,Maruti,2006,"80,000",71200,Petrol,80000
218,HondaCityVX,Honda,2016,"5,19,000",52000,Diesel,519000
219,MahindraTharCRDe,Mahindra,2016,"7,30,000",29000,Diesel,730000
220,MitsubishiPajeroSport,Mitsubishi,2015,"14,75,000",47000,Diesel,1475000
221,AudiA41.8,Audi,2009,"6,99,000",47000,Petrol,699000
222,MercedesBenzGLA,Mercedes,2015,"20,00,000",20000,Diesel,2000000
223,LandRoverFreelander,Land,2015,"21,00,000",30000,Diesel,2100000
224,RenaultKwidRXT,Renault,2017,"3,40,000",5000,Petrol,340000
225,TataAriaPleasure,Tata,2014,"3,90,000",35000,Diesel,390000
226,MercedesBenzB,Mercedes,2014,"14,00,000",31000,Petrol,1400000
227,DatsunGOT,Datsun,2016,"2,45,000",7000,Petrol,245000
228,TataIndigoeCS,Tata,2016,"3,20,000",175430,Diesel,320000
229,TataIndigoeCS,Tata,2016,"3,20,000",175400,Diesel,320000
230,HondaJazzVX,Honda,2016,"4,50,000",41000,Petrol,450000
231,HondaAmaze1.2,Honda,2014,"3,11,000",33000,Petrol,311000
232,HondaAmaze,Honda,2013,"2,84,999",46000,Diesel,284999
233,HondaCity,Honda,2012,"3,99,999",45000,Petrol,399999
234,HondaCity,Honda,2015,"5,99,999",39000,Diesel,599999
235,HondaAmaze,Honda,2015,"3,44,999",22000,Petrol,344999
236,AudiA41.8,Audi,2009,"6,99,000",47000,Petrol,699000
237,ForceMotorsForce,Force,2015,"5,80,000",3200,Diesel,580000
238,MahindraScorpioS4,Mahindra,2015,"8,55,000",30000,Diesel,855000
239,Hyundaii20Active,Hyundai,2015,"5,35,000",37000,Diesel,535000
240,MiniCooperS,Mini,2013,"18,91,111",13000,Petrol,1891111
241,MarutiSuzukiCiaz,Maruti,2017,"6,99,000",14000,Petrol,699000
242,ChevroletTaveraNeo,Chevrolet,2013,"3,75,000",55000,Diesel,375000
243,HondaAmaze,Honda,2013,"2,84,999",46000,Diesel,284999
244,HyundaiEonSportz,Hyundai,2012,"1,78,000",30000,Petrol,178000
245,TataSumoGold,Tata,2013,"3,00,000",50000,Diesel,300000
246,MarutiSuzukiWagon,Maruti,2003,"90,000",45000,Petrol,90000
247,MarutiSuzukiEsteem,Maruti,2006,"95,000",45000,Petrol,95000
248,MarutiSuzukiEeco,Maruti,2015,"2,55,000",9300,Petrol,255000
249,ChevroletEnjoy1.4,Chevrolet,2013,"2,45,000",55000,Diesel,245000
250,Hyundaii20Asta,Hyundai,2012,"3,29,500",36200,Diesel,329500
251,FordFigoDiesel,Ford,2014,"1,95,000",50000,Diesel,195000
252,MarutiSuzukiEeco,Maruti,2015,"2,51,111",55000,Petrol,251111
253,MarutiSuzukiErtiga,Maruti,2014,"5,69,999",45000,Petrol,569999
254,MarutiSuzukiEsteem,Maruti,2007,"69,999",51000,Petrol,69999
255,MarutiSuzukiRitz,Maruti,2014,"2,99,999",19000,Petrol,299999
256,MarutiSuzukiDzire,Maruti,2009,"2,20,000",46000,Petrol,220000
257,MarutiSuzukiRitz,Maruti,2013,"3,99,999",33000,Diesel,399999
258,MarutiSuzukiSX4,Maruti,2010,"2,49,999",36000,Petrol,249999
259,MarutiSuzukiWagon,Maruti,2015,"2,89,999",22000,Petrol,289999
260,MiniCooperS,Mini,2013,"18,91,111",13500,Petrol,1891111
261,NissanTerranoXL,Nissan,2015,"4,99,999",60000,Diesel,499999
262,RenaultDuster85,Renault,2013,"4,89,999",27000,Diesel,489999
263,RenaultDuster85,Renault,2014,"4,89,999",59000,Diesel,489999
264,RenaultDuster85,Renault,2015,"5,49,999",19000,Diesel,549999
265,MarutiSuzukiDzire,Maruti,2013,"3,80,000",30000,Petrol,380000
266,RenaultKwidRXT,Renault,2018,"3,25,000",15000,Petrol,325000
267,MarutiSuzukiMaruti,Maruti,2003,"57,000",56758,Petrol,57000
268,RenaultKwid1.0,Renault,2018,"3,49,999",10000,Petrol,349999
269,RenaultLodgy85,Renault,2018,"6,89,999",20000,Diesel,689999
270,RenaultScalaRxL,Renault,2014,"3,49,999",49000,Diesel,349999
271,HyundaiGrandi10,Hyundai,2014,"4,10,000",41000,Petrol,410000
272,MarutiSuzukiSwift,Maruti,2011,"2,25,000",45000,Petrol,225000
273,ChevroletBeatLS,Chevrolet,2010,"1,20,000",43000,Petrol,120000
274,TataIndigoeCS,Tata,2016,"3,20,000",175430,Diesel,320000
275,HyundaiSantroXing,Hyundai,2000,"59,000",56450,Petrol,59000
276,HyundaiFluidicVerna,Hyundai,2015,"5,40,000",38000,Diesel,540000
277,ChevroletBeatLS,Chevrolet,2010,"80,000",56000,Petrol,80000
278,MahindraQuantoC8,Mahindra,2013,"3,40,000",37000,Diesel,340000
279,FiatPetraELX,Fiat,2008,"75,000",65000,Petrol,75000
280,ChevroletBeatLS,Chevrolet,2015,"2,20,000",32700,Petrol,220000
281,SkodaFabia1.2L,Skoda,2011,"1,59,500",38200,Diesel,159500
282,FordEcoSportTitanium,Ford,2016,"5,99,000",30000,Diesel,599000
283,HyundaiAccentGLX,Hyundai,2006,"80,000",56000,Petrol,80000
284,MahindraTUV300T4,Mahindra,2016,"6,75,000",9000,Diesel,675000
285,MiniCooperS,Mini,2013,"18,91,111",13000,Petrol,1891111
286,MiniCooperS,Mini,2013,"18,91,111",13000,Petrol,1891111
287,TataIndicaV2,Tata,2008,"1,50,000",11000,Petrol,150000
288,MiniCooperS,Mini,2013,"18,91,111",13000,Petrol,1891111
289,TataIndigoCS,Tata,2009,"72,500",46000,Diesel,72500
290,MarutiSuzukiSwift,Maruti,2019,"6,10,000",73,Petrol,610000
291,MahindraScorpioVLX,Mahindra,2004,"2,30,000",160000,Diesel,230000
292,HondaAccord,Honda,2009,"1,75,000",58559,Petrol,175000
293,MahindraScorpioS4,Mahindra,2015,"8,55,000",30000,Diesel,855000
294,ChevroletTaveraNeo,Chevrolet,2013,"3,75,000",55000,Diesel,375000
295,FordEcoSportTitanium,Ford,2014,"5,20,000",57000,Diesel,520000
296,MarutiSuzukiErtiga,Maruti,2015,"5,24,999",50000,Diesel,524999
297,HondaAmaze,Honda,2014,"2,99,999",37000,Petrol,299999
298,MarutiSuzukiDzire,Maruti,2012,"2,99,999",40000,Petrol,299999
299,HondaCity,Honda,2011,"2,84,999",55000,Petrol,284999
300,MahindraScorpio2.6,Mahindra,2007,"2,20,000",170000,Diesel,220000
301,MarutiSuzukiDzire,Maruti,2014,"4,24,999",55000,Diesel,424999
302,HondaCity,Honda,2015,"6,44,999",39000,Petrol,644999
303,HondaMobilio,Honda,2014,"3,99,999",44000,Petrol,399999
304,ToyotaCorollaAltis,Toyota,2009,"1,99,999",65000,Petrol,199999
305,HondaCity,Honda,2014,"5,84,999",39000,Petrol,584999
306,SkodaLaura,Skoda,2012,"3,49,999",44000,Diesel,349999
307,RenaultDuster,Renault,2015,"4,49,999",49000,Diesel,449999
308,MarutiSuzukiErtiga,Maruti,2018,"7,99,999",9000,Diesel,799999
309,MarutiSuzukiDzire,Maruti,2015,"4,44,999",45000,Diesel,444999
310,MahindraXUV500,Mahindra,2014,"6,49,999",47000,Diesel,649999
311,HyundaiVernaFluidic,Hyundai,2012,"4,44,999",40000,Diesel,444999
312,MarutiSuzukiVitara,Maruti,2016,"6,89,999",29000,Diesel,689999
313,MarutiSuzukiWagon,Maruti,2016,"3,44,999",15000,Petrol,344999
314,MahindraScorpio,Mahindra,2015,"9,44,999",45000,Diesel,944999
315,HondaAmaze,Honda,2014,"2,74,999",35000,Petrol,274999
316,MahindraXUV500,Mahindra,2013,"6,89,999",80000,Diesel,689999
317,MahindraScorpio,Mahindra,2013,"5,74,999",68000,Diesel,574999
318,SkodaLaura,Skoda,2013,"3,74,999",50000,Diesel,374999
319,VolkswagenPolo,Volkswagen,2010,"1,99,999",60000,Diesel,199999
320,HyundaiElitei20,Hyundai,2016,"5,49,999",9000,Petrol,549999
321,TataManzaAura,Tata,2012,"1,30,000",72000,Diesel,130000
322,ChevroletSailUVA,Chevrolet,2013,"2,10,000",60000,Petrol,210000
323,RenaultDuster110,Renault,2012,"5,01,000",38000,Diesel,501000
324,HyundaiVernaFluidic,Hyundai,2013,"4,01,000",45000,Diesel,401000
325,AudiA42.0,Audi,2012,"13,50,000",40000,Diesel,1350000
326,HyundaiElantraSX,Hyundai,2013,"6,00,000",20000,Petrol,600000
327,MahindraScorpioVLX,Mahindra,2013,"6,10,000",35000,Diesel,610000
328,MahindraKUV100K8,Mahindra,2016,"4,00,000",20000,Diesel,400000
329,RenaultScalaRxL,Renault,2015,"3,75,000",25000,Diesel,375000
330,MahindraQuantoC8,Mahindra,2013,"3,75,000",20000,Diesel,375000
331,HyundaiGrandi10,Hyundai,2014,"3,65,000",20000,Petrol,365000
332,Hyundaii20Active,Hyundai,2015,"5,00,000",18000,Petrol,500000
333,MahindraXyloE4,Mahindra,2012,"4,00,000",35000,Diesel,400000
334,HyundaiGrandi10,Hyundai,2017,"5,24,999",6821,Petrol,524999
335,Hyundaii20,Hyundai,2014,"4,49,999",23000,Petrol,449999
336,HyundaiEon,Hyundai,2014,"1,74,999",14000,Petrol,174999
337,Hyundaii10,Hyundai,2012,"2,44,999",38000,Petrol,244999
338,Hyundaii20Active,Hyundai,2015,"5,74,999",35000,Diesel,574999
339,DatsunRediGO,Datsun,2017,"2,44,999",22000,Petrol,244999
340,ToyotaEtiosLiva,Toyota,2011,"2,39,999",41000,Petrol,239999
341,HyundaiAccent,Hyundai,2010,"99,999",45000,Petrol,99999
342,HyundaiVerna,Hyundai,2014,"4,89,999",44000,Diesel,489999
343,MarutiSuzukiSwift,Maruti,2013,"3,24,999",45000,Diesel,324999
344,ToyotaFortuner,Toyota,2011,"10,74,999",52000,Diesel,1074999
345,Hyundaii10Sportz,Hyundai,2012,"2,30,000",34000,Petrol,230000
346,MahindraBoleroPower,Mahindra,2018,"6,99,000",1800,Diesel,699000
347,MahindraXUV500,Mahindra,2015,"10,00,000",15000,Diesel,1000000
348,HondaCity1.5,Honda,2010,"2,40,000",400000,Petrol,240000
349,ChevroletSparkLT,Chevrolet,2009,"1,10,000",44000,Petrol,110000
350,MahindraJeepMM,Mahindra,2019,"3,90,000",60,Diesel,390000
351,RenaultDuster110PS,Renault,2012,"5,01,000",35000,Diesel,501000
352,MahindraXUV500,Mahindra,2016,"11,30,000",72000,Diesel,1130000
353,TataIndigoeCS,Tata,2014,"2,50,000",40000,Diesel,250000
354,MahindraBoleroSLE,Mahindra,2013,"3,30,000",80200,Diesel,330000
355,ForceMotorsForce,Force,2015,"5,80,000",3200,Diesel,580000
356,SkodaRapidElegance,Skoda,2013,"3,40,000",48000,Diesel,340000
357,TataVistaQuadrajet,Tata,2011,"1,20,000",90000,Diesel,120000
358,MarutiSuzukiAlto,Maruti,2015,"2,65,000",12000,Petrol,265000
359,MarutiSuzukiSX4,Maruti,2012,"2,65,000",46000,Diesel,265000
360,MarutiSuzukiZen,Maruti,2003,"85,000",69900,Petrol,85000
361,MahindraJeepCL550,Mahindra,2019,"3,79,000",0,Diesel,379000
362,Hyundaii10Magna,Hyundai,2011,"1,75,000",45000,Petrol,175000
363,MarutiSuzukiAlto,Maruti,2015,"2,19,000",5000,Petrol,219000
364,MarutiSuzukiSwift,Maruti,2016,"3,50,000",166000,Diesel,350000
365,HondaCityZX,Honda,2008,"1,49,000",42000,Petrol,149000
366,MahindraJeepCL550,Mahindra,2018,"3,85,000",588,Diesel,385000
367,MahindraJeepMM,Mahindra,2006,"4,25,000",122,Diesel,425000
368,ChevroletBeatDiesel,Chevrolet,2017,"1,50,000",62000,Diesel,150000
369,HondaCity1.5,Honda,2010,"2,25,000",70000,Petrol,225000
370,HyundaiVerna1.4,Hyundai,2014,"3,75,000",36000,Petrol,375000
371,ToyotaInnova2.5,Toyota,2012,"7,70,000",0,Diesel,770000
372,MarutiSuzukiMaruti,Maruti,1995,"30,000",55000,Petrol,30000
373,ToyotaEtios,Toyota,2011,"2,75,000",36000,Diesel,275000
374,VolkswagenPolo,Volkswagen,2015,"3,30,000",38000,Diesel,330000
375,MarutiSuzukiSwift,Maruti,2014,"3,35,000",55000,Diesel,335000
376,HyundaiElitei20,Hyundai,2015,"4,50,000",20000,Diesel,450000
377,MarutiSuzukiSwift,Maruti,2012,"2,25,000",40000,Petrol,225000
378,MarutiSuzukiVersa,Maruti,2004,"80,000",50000,Petrol,80000
379,TataIndigoLX,Tata,2016,"1,30,000",104000,Diesel,130000
380,VolkswagenVentoKonekt,Volkswagen,2011,"2,45,000",65000,Diesel,245000
381,MercedesBenzC,Mercedes,2002,"3,99,000",41000,Petrol,399000
382,MarutiSuzukiErtiga,Maruti,2013,"4,50,000",90000,Diesel,450000
383,HondaCity,Honda,2000,"65,000",80000,Petrol,65000
384,HyundaiSantroXing,Hyundai,2006,"75,000",46000,Petrol,75000
385,MarutiSuzukiOmni,Maruti,2001,"70,000",70000,Petrol,70000
386,HyundaiSonataTransform,Hyundai,2017,"1,90,000",36469,Diesel,190000
387,HyundaiElitei20,Hyundai,2018,"6,00,000",7800,Petrol,600000
388,VolkswagenVentoKonekt,Volkswagen,2011,"2,45,000",65000,Diesel,245000
389,MarutiSuzukiAlto,Maruti,2017,"2,40,000",60000,Petrol,240000
390,MarutiSuzukiAlto,Maruti,2011,"1,55,000",32000,Petrol,155000
391,HondaJazzS,Honda,2009,"1,69,999",24695,Petrol,169999
392,HyundaiGrandi10,Hyundai,2017,"4,50,000",15141,Petrol,450000
393,MarutiSuzukiZen,Maruti,2001,"40,000",40000,Petrol,40000
394,MahindraScorpioW,Mahindra,2012,"1,65,000",65000,Diesel,165000
395,MarutiSuzukiAlto,Maruti,2014,"2,70,000",22000,Petrol,270000
396,HyundaiGrandi10,Hyundai,2016,"2,80,000",59910,Diesel,280000
397,MahindraXUV500W8,Mahindra,2012,"5,60,000",100000,Diesel,560000
398,HyundaiCreta1.6,Hyundai,2016,"9,50,000",25000,Petrol,950000
399,Hyundaii20Magna,Hyundai,2013,"3,10,000",35000,Petrol,310000
400,RenaultDuster85,Renault,2015,"7,15,000",65000,Diesel,715000
401,HyundaiGrandi10,Hyundai,2014,"3,40,000",35000,Petrol,340000
402,HondaBrioV,Honda,2012,"2,35,000",33000,Petrol,235000
403,MahindraTUV300T4,Mahindra,2017,"6,10,000",68000,Diesel,610000
404,ChevroletSparkLS,Chevrolet,2010,"95,000",23000,Petrol,95000
405,MahindraTUV300T8,Mahindra,2018,"10,00,000",4500,Diesel,1000000
406,MarutiSuzukiSwift,Maruti,2015,"2,20,000",129000,Diesel,220000
407,NissanXTrail,Nissan,2019,"12,00,000",300,Diesel,1200000
408,MarutiSuzukiAlto,Maruti,2015,"2,30,000",5000,Petrol,230000
409,FordIkon1.3,Ford,2001,"45,000",65000,Petrol,45000
410,ToyotaFortuner3.0,Toyota,2010,"9,40,000",131000,Diesel,940000
411,TataManzaELAN,Tata,2010,"1,55,555",111111,Petrol,155555
412,MercedesBenzA,Mercedes,2013,"15,00,000",14000,Petrol,1500000
413,ChevroletBeatLS,Chevrolet,2016,"2,10,000",22000,Diesel,210000
414,FordEcoSportTrend,Ford,2013,"4,95,000",38000,Diesel,495000
415,TataIndigoLS,Tata,2016,"1,25,000",70000,Diesel,125000
416,Hyundaii20Magna,Hyundai,2010,"1,95,000",36000,Petrol,195000
417,VolkswagenVentoHighline,Volkswagen,2015,"5,50,000",34000,Diesel,550000
418,RenaultKwidRXT,Renault,2015,"2,70,000",43000,Petrol,270000
419,FordEcoSportTitanium,Ford,2014,"5,00,000",40000,Diesel,500000
420,HondaAmaze1.5,Honda,2016,"2,40,000",160000,Diesel,240000
421,HyundaiVerna1.6,Hyundai,2017,"8,00,000",12000,Petrol,800000
422,BMW5Series,BMW,2011,"12,99,000",49000,Diesel,1299000
423,SkodaSuperb1.8,Skoda,2011,"5,30,000",68000,Petrol,530000
424,AudiQ32.0,Audi,2013,"14,99,000",37000,Diesel,1499000
425,MahindraBoleroDI,Mahindra,2012,"2,20,000",59466,Diesel,220000
426,MahindraScorpioS10,Mahindra,2015,"9,00,000",97200,Diesel,900000
427,FordFigoDuratorq,Ford,2012,"2,50,000",99000,Diesel,250000
428,MarutiSuzukiWagon,Maruti,2018,"3,95,000",25500,Petrol,395000
429,MahindraLoganDiesel,Mahindra,2009,"1,30,000",66000,Petrol,130000
430,TataNanoGenX,Tata,2010,"32,000",44005,Petrol,32000
431,MahindraTUV300T4,Mahindra,2016,"5,40,000",35000,Diesel,540000
432,MahindraTUV300T4,Mahindra,2016,"5,40,000",35000,Diesel,540000
433,HyundaiElitei20,Hyundai,2015,"4,05,000",28000,Petrol,405000
434,HyundaiElitei20,Hyundai,2015,"4,00,000",30000,Petrol,400000
435,HondaCitySV,Honda,2017,"7,60,000",4000,Petrol,760000
436,MarutiSuzukiBaleno,Maruti,2016,"5,00,000",28000,Petrol,500000
437,FordFigoPetrol,Ford,2011,"1,75,000",75000,Petrol,175000
438,MahindraScorpioS10,Mahindra,2015,"9,00,000",97200,Diesel,900000
439,HondaCity,Honda,2017,"7,50,000",3000,Petrol,750000
440,HyundaiElitei20,Hyundai,2015,"4,19,000",20000,Petrol,419000
441,MarutiSuzukiVersa,Maruti,2004,"90,000",50000,Petrol,90000
442,HyundaiEonEra,Hyundai,2018,"1,40,000",2110,Petrol,140000
443,MitsubishiPajeroSport,Mitsubishi,2015,"15,40,000",43222,Petrol,1540000
444,Hyundaii10Magna,Hyundai,2008,"2,75,000",100200,Petrol,275000
445,ToyotaCorollaH2,Toyota,2003,"1,50,000",100000,Petrol,150000
446,MarutiSuzukiSwift,Maruti,2011,"2,30,000",65,Petrol,230000
447,TataIndigoCS,Tata,2015,"1,23,000",100000,Diesel,123000
448,MahindraScorpioS10,Mahindra,2015,"9,00,000",97200,Diesel,900000
449,MahindraScorpioS10,Mahindra,2015,"9,00,000",97200,Diesel,900000
450,HyundaiXcentBase,Hyundai,2016,"3,00,000",140000,Diesel,300000
451,HondaCity,Honda,2015,"4,99,999",55000,Petrol,499999
452,HyundaiAccentExecutive,Hyundai,2009,"1,65,000",48000,Petrol,165000
453,MarutiSuzukiBaleno,Maruti,2016,"4,98,000",22000,Petrol,498000
454,TataZestXE,Tata,2018,"4,80,000",103553,Diesel,480000
455,MarutiSuzukiDzire,Maruti,2017,"4,88,000",80000,Diesel,488000
456,TataSumoGold,Tata,2014,"2,50,000",99000,Diesel,250000
457,ToyotaCorollaAltis,Toyota,2010,"2,20,000",58000,Petrol,220000
458,MarutiSuzukiEeco,Maruti,2013,"2,90,000",70000,LPG,290000
459,ToyotaFortuner3.0,Toyota,2015,"15,25,000",120000,Diesel,1525000
460,MahindraXUV500W6,Mahindra,2013,"5,48,900",49800,Diesel,548900
461,TataTigorRevotron,Tata,2019,"6,50,000",100,Diesel,650000
462,MarutiSuzuki800,Maruti,2001,"55,000",81876,Petrol,55000
463,MarutiSuzukiErtiga,Maruti,2015,"5,50,000",75000,Petrol,550000
464,MarutiSuzukiVersa,Maruti,2004,"90,000",50000,Petrol,90000
465,HondaMobilioS,Honda,2014,"3,99,000",44000,Diesel,399000
466,MarutiSuzukiErtiga,Maruti,2016,"7,30,000",55000,Diesel,730000
467,MarutiSuzukiVitara,Maruti,2017,"7,25,000",36000,Diesel,725000
468,HyundaiVerna1.6,Hyundai,2016,"1,95,000",56000,Diesel,195000
469,MarutiSuzukiSwift,Maruti,2007,"1,30,000",62000,Petrol,130000
470,ToyotaFortuner3.0,Toyota,2015,"15,25,000",120000,Diesel,1525000
471,MarutiSuzukiOmni,Maruti,2014,"1,90,000",6020,Petrol,190000
472,HondaAmaze,Honda,2013,"2,50,000",55700,Diesel,250000
473,TataIndica,Tata,2005,"80,000",42000,Petrol,80000
474,HyundaiSantroXing,Hyundai,2003,"1,20,000",50000,Petrol,120000
475,MarutiSuzukiZen,Maruti,2010,"1,49,000",35000,Petrol,149000
476,MarutiSuzukiWagon,Maruti,2014,"2,50,000",18500,Petrol,250000
477,MarutiSuzukiWagon,Maruti,2007,"1,20,000",7000,Petrol,120000
478,HondaBrioVX,Honda,2017,"4,50,000",11000,Petrol,450000
479,MarutiSuzukiZen,Maruti,2003,"99,999",53000,Petrol,99999
480,MarutiSuzukiZen,Maruti,2008,"1,35,000",23000,Petrol,135000
481,MarutiSuzukiWagon,Maruti,2016,"2,25,000",35500,Diesel,225000
482,MarutiSuzukiAlto,Maruti,2010,"99,000",22134,Petrol,99000
483,RenaultKwidRXT,Renault,2019,"3,70,000",1000,Petrol,370000
484,TataNanoLx,Tata,2010,"52,000",9000,Petrol,52000
485,JaguarXEXE,Jaguar,2016,"28,00,000",8500,Petrol,2800000
486,HyundaiEonMagna,Hyundai,2014,"1,90,000",35000,Petrol,190000
487,HondaCity1.5,Honda,2014,"4,99,000",22000,Petrol,499000
488,HindustanMotorsAmbassador,Hindustan,2002,"90,000",25000,Diesel,90000
489,MarutiSuzukiRitz,Maruti,2010,"1,49,000",40000,Petrol,149000
490,HyundaiGrandi10,Hyundai,2017,"4,00,000",20000,Petrol,400000
491,HyundaiEonD,Hyundai,2016,"1,20,000",87000,Petrol,120000
492,MarutiSuzukiSwift,Maruti,2015,"2,50,000",55000,Petrol,250000
493,MarutiSuzukiWagon,Maruti,2017,"3,75,000",23000,Petrol,375000
494,HondaAmaze1.2,Honda,2014,"3,81,000",6000,Petrol,381000
495,MarutiSuzukiEstilo,Maruti,2013,"1,80,000",65000,Petrol,180000
496,MarutiSuzukiVitara,Maruti,2016,"5,80,000",25000,Diesel,580000
497,MarutiSuzukiEeco,Maruti,2015,"2,78,000",39000,Petrol,278000
498,HyundaiCreta1.6,Hyundai,2016,"10,00,000",8000,Petrol,1000000
499,MahindraScorpioVlx,Mahindra,2013,"6,90,000",75000,Diesel,690000
500,MarutiSuzukiErtiga,Maruti,2012,"4,80,000",51000,Diesel,480000
501,MitsubishiLancer1.8,Mitsubishi,2006,"85,000",50000,Petrol,85000
502,MarutiSuzukiMaruti,Maruti,2001,"40,000",75000,Petrol,40000
503,MarutiSuzukiAlto,Maruti,2015,"90,000",55800,Petrol,90000
504,HyundaiGrandi10,Hyundai,2015,"3,40,000",53000,Petrol,340000
505,HyundaiEonD,Hyundai,2018,"2,60,000",25000,Petrol,260000
506,FordFiestaSXi,Ford,2009,"2,50,000",56400,Petrol,250000
507,MarutiSuzukiRitz,Maruti,2010,"1,80,000",72160,Diesel,180000
508,HyundaiVernaFluidic,Hyundai,2012,"3,50,000",10000,Diesel,350000
509,MarutiSuzukiWagon,Maruti,2006,"90,001",48000,Petrol,90001
510,MarutiSuzukiEstilo,Maruti,2007,"1,15,000",36000,Petrol,115000
511,AudiA62.0,Audi,2012,"15,99,000",11500,Diesel,1599000
512,MarutiSuzukiWagon,Maruti,2003,"1,30,000",133000,Petrol,130000
513,MarutiSuzukiWagon,Maruti,2009,"1,59,000",27000,Petrol,159000
514,MarutiSuzukiWagon,Maruti,2009,"1,60,000",35000,Petrol,160000
515,MarutiSuzukiAlto,Maruti,2010,"1,10,000",55000,Petrol,110000
516,MarutiSuzukiBaleno,Maruti,2016,"4,25,000",40000,Petrol,425000
517,HyundaiVerna1.6,Hyundai,2019,"9,00,000",2000,Petrol,900000
518,MarutiSuzukiSwift,Maruti,2009,"1,50,000",45000,Petrol,150000
519,HyundaiGetzPrime,Hyundai,2009,"1,10,000",20000,Petrol,110000
520,HyundaiSantro,Hyundai,2000,"51,999",88000,Petrol,51999
521,HyundaiGetzPrime,Hyundai,2009,"1,15,000",20000,Petrol,115000
522,ChevroletBeatPS,Chevrolet,2012,"2,15,000",65422,Diesel,215000
523,FordEcoSportTrend,Ford,2017,"5,80,000",10000,Petrol,580000
524,MarutiSuzukiDzire,Maruti,2013,"3,80,000",35000,Petrol,380000
525,HyundaiFluidicVerna,Hyundai,2013,"3,50,000",117000,Diesel,350000
526,TataIndicaV2,Tata,2005,"35,000",150000,Diesel,35000
527,BMWX1xDrive20d,BMW,2011,"11,50,000",72000,Diesel,1150000
528,Hyundaii20Asta,Hyundai,2010,"3,00,000",10750,Petrol,300000
529,HondaCity1.5,Honda,2009,"2,69,000",55000,Petrol,269000
530,TataNano,Tata,2013,"60,000",6800,Petrol,60000
531,ChevroletCruzeLTZ,Chevrolet,2014,"4,00,000",41000,Diesel,400000
532,HyundaiVernaFluidic,Hyundai,2015,"4,30,000",73000,Diesel,430000
533,MarutiSuzukiSwift,Maruti,2011,"1,40,000",65000,Diesel,140000
534,MahindraXUV500W6,Mahindra,2014,"85,00,003",45000,Diesel,8500003
535,MahindraXUV500W10,Mahindra,2018,"12,99,000",40000,Diesel,1299000
536,MarutiSuzukiAlto,Maruti,2014,"1,99,000",37000,Petrol,199000
537,HyundaiAccentGLE,Hyundai,2006,"90,000",55000,Petrol,90000
538,ForceMotorsOne,Force,2013,"5,50,000",140000,Diesel,550000
539,MarutiSuzukiAlto,Maruti,2019,"2,65,000",9800,Petrol,265000
540,ChevroletSpark1.0,Chevrolet,2011,"1,00,000",27000,Petrol,100000
541,Hyundaii10,Hyundai,2009,"2,15,000",27000,Petrol,215000
542,ToyotaEtiosLiva,Toyota,2012,"3,80,000",20000,Diesel,380000
543,RenaultDuster85PS,Renault,2013,"4,01,919",57923,Diesel,401919
544,ChevroletEnjoy,Chevrolet,2014,"4,90,000",30201,Diesel,490000
545,MarutiSuzukiAlto,Maruti,2017,"2,80,000",6200,Petrol,280000
546,BMW5Series,BMW,2009,"6,50,000",37518,Petrol,650000
547,ToyotaEtiosLiva,Toyota,2014,"1,60,000",24652,Petrol,160000
548,MahindraJeepMM,Mahindra,2004,"4,24,000",383,Diesel,424000
549,ChevroletBeatLS,Chevrolet,2016,"2,25,000",95000,Diesel,225000
550,ChevroletCruzeLTZ,Chevrolet,2011,"3,50,000",35000,Diesel,350000
551,JeepWranglerUnlimited,Jeep,2015,"9,50,000",3528,Diesel,950000
552,MarutiSuzukiErtiga,Maruti,2013,"4,85,000",52500,Diesel,485000
553,HyundaiVernaVGT,Hyundai,2010,"2,05,000",47900,Diesel,205000
554,MarutiSuzukiOmni,Maruti,2012,"1,60,000",14000,Petrol,160000
555,MarutiSuzukiCelerio,Maruti,2018,"3,10,000",37000,Petrol,310000
556,TataZestQuadrajet,Tata,2017,"1,80,000",90000,Diesel,180000
557,MahindraXUV500W6,Mahindra,2013,"5,49,900",52800,Diesel,549900
558,TataIndigoCS,Tata,2016,"1,50,000",104000,Diesel,150000
559,Hyundaii10Era,Hyundai,2011,"1,75,000",30000,Petrol,175000
560,TataIndigoeCS,Tata,2014,"95,000",195000,Diesel,95000
561,TataIndigoLX,Tata,2016,"2,30,000",104000,Diesel,230000
562,TataIndigoeCS,Tata,2016,"2,30,000",104000,Diesel,230000
563,TataIndigoMarina,Tata,2004,"1,80,000",70000,Diesel,180000
564,HyundaiXcentSX,Hyundai,2015,"4,00,000",43000,Diesel,400000
565,HyundaiEonMagna,Hyundai,2013,"1,85,000",23000,Petrol,185000
566,RenaultDuster85,Renault,2015,"3,85,000",51000,Diesel,385000
567,MarutiSuzukiAlto,Maruti,2009,"90,000",62000,Petrol,90000
568,TataNanoLX,Tata,2010,"32,000",48008,Petrol,32000
569,RenaultDuster110,Renault,2013,"4,35,000",39000,Diesel,435000
570,MarutiSuzukiWagon,Maruti,2010,"2,25,000",40000,Petrol,225000
571,MarutiSuzukiSwift,Maruti,2006,"1,89,700",48247,Petrol,189700
572,MarutiSuzukiErtiga,Maruti,2012,"3,89,700",39000,Diesel,389700
573,MarutiSuzukiSwift,Maruti,2014,"3,65,000",23000,Petrol,365000
574,MarutiSuzukiAlto,Maruti,2017,"3,60,000",9400,Petrol,360000
575,Hyundaii20Magna,Hyundai,2010,"2,10,000",50000,Petrol,210000
576,Hyundaii10Magna,Hyundai,2009,"1,70,000",75000,Petrol,170000
577,TataZestXE,Tata,2017,"3,80,000",70000,Diesel,380000
578,MahindraXyloE8,Mahindra,2009,"2,95,000",64000,Diesel,295000
579,ToyotaCorollaAltis,Toyota,2010,"1,85,000",55000,Petrol,185000
580,TataManzaAqua,Tata,2014,"1,60,000",200000,Diesel,160000
581,RenaultKwid1.0,Renault,2018,"2,90,000",2137,Petrol,290000
582,TataVentureEX,Tata,2013,"1,00,000",30000,Diesel,100000
583,MarutiSuzukiSwift,Maruti,2014,"3,15,000",44000,Petrol,315000
584,SkodaOctaviaClassic,Skoda,2006,"1,14,990",65000,Diesel,114990
585,MarutiSuzukiOmni,Maruti,2012,"1,20,000",160000,LPG,120000
586,ChevroletBeatDiesel,Chevrolet,2011,"1,25,000",56000,Diesel,125000
587,TataSumoGold,Tata,2012,"2,10,000",75000,Diesel,210000
588,HyundaiVerna1.6,Hyundai,2018,"8,55,000",42000,Diesel,855000
589,TataSumoGold,Tata,2012,"2,10,000",75000,Diesel,210000
590,MahindraScorpio2.6,Mahindra,2007,"2,60,000",56000,Diesel,260000
591,MarutiSuzukiZen,Maruti,2002,"95,000",10544,Petrol,95000
592,MarutiSuzukiSwift,Maruti,2011,"2,55,000",64000,Petrol,255000
593,MahindraScorpioSLX,Mahindra,2008,"3,00,000",70000,Diesel,300000
594,HyundaiGrandi10,Hyundai,2014,"3,40,000",25000,Petrol,340000
595,HyundaiElitei20,Hyundai,2017,"5,50,000",15000,Petrol,550000
596,FordIkon1.6,Ford,2003,"60,000",50000,Petrol,60000
597,ToyotaInnova2.5,Toyota,2011,"7,50,000",147000,Diesel,750000
598,NissanSunnyXL,Nissan,2011,"2,30,000",52000,Petrol,230000
599,ChevroletBeatLT,Chevrolet,2012,"1,30,000",90001,Diesel,130000
600,MarutiSuzukiAlto,Maruti,2017,"2,70,000",21000,Petrol,270000
601,MarutiSuzukiSwift,Maruti,2012,"2,80,000",48006,Diesel,280000
602,MarutiSuzukiSwift,Maruti,2012,"2,80,000",48006,Diesel,280000
603,MarutiSuzukiSwift,Maruti,2012,"2,80,000",48006,Diesel,280000
604,ToyotaInnova2.0,Toyota,2012,"6,00,000",80000,Diesel,600000
605,MarutiSuzukiSwift,Maruti,2010,"1,90,000",74000,Diesel,190000
606,HyundaiElitei20,Hyundai,2015,"5,00,000",22000,Petrol,500000
607,MahindraXUV500W10,Mahindra,2016,"10,65,000",41000,Diesel,1065000
608,VolkswagenPoloTrendline,Volkswagen,2015,"3,50,000",25000,Diesel,350000
609,ToyotaEtiosLiva,Toyota,2012,"3,50,000",85000,Diesel,350000
610,MahindraTUV300T4,Mahindra,2016,"5,40,000",29500,Diesel,540000
611,HyundaiElitei20,Hyundai,2015,"4,70,000",30000,Petrol,470000
612,HyundaiSantroXing,Hyundai,2014,"1,79,000",57000,Petrol,179000
613,MarutiSuzukiZen,Maruti,2003,"48,000",60000,Petrol,48000
614,MarutiSuzukiCiaz,Maruti,2016,"6,50,000",50000,Petrol,650000
615,HyundaiEonEra,Hyundai,2013,"1,90,000",39700,Petrol,190000
616,HyundaiElantra1.8,Hyundai,2012,"5,00,000",65000,Petrol,500000
617,MarutiSuzukiSwift,Maruti,2010,"2,70,000",67000,Diesel,270000
618,MarutiSuzukiZen,Maruti,2008,"1,25,000",46000,Petrol,125000
619,HyundaiEonEra,Hyundai,2012,"1,88,000",38000,Petrol,188000
620,HyundaiGrandi10,Hyundai,2016,"3,80,000",27000,Petrol,380000
621,HyundaiVernaFluidic,Hyundai,2011,"3,65,000",43000,Diesel,365000
622,FordEcoSportTrend,Ford,2014,"4,65,000",47000,Petrol,465000
623,Hyundaii20Magna,Hyundai,2011,"2,40,000",42000,Petrol,240000
624,ChevroletBeatDiesel,Chevrolet,2016,"1,79,999",19336,Diesel,179999
625,TataIndicaeV2,Tata,2015,"1,40,000",60105,Diesel,140000
626,JaguarXF2.2,Jaguar,2013,"21,90,000",29000,Diesel,2190000
627,AudiQ52.0,Audi,2014,"23,90,000",34000,Diesel,2390000
628,BMW3Series,BMW,2011,"10,75,000",35000,Diesel,1075000
629,MarutiSuzukiSwift,Maruti,2015,"4,75,000",22000,Petrol,475000
630,BMWX1sDrive20d,BMW,2012,"10,25,000",41000,Diesel,1025000
631,MarutiSuzukiS,Maruti,2016,"6,15,000",21000,Diesel,615000
632,MarutiSuzukiErtiga,Maruti,2013,"4,75,000",48000,Diesel,475000
633,MarutiSuzukiAlto,Maruti,2016,"2,70,000",38000,Petrol,270000
634,HondaCitySV,Honda,2014,"4,75,000",34000,Diesel,475000
635,VolkswagenVentoComfortline,Volkswagen,2011,"2,40,000",45933,Petrol,240000
636,HondaCity1.5,Honda,2005,"1,20,000",68000,Petrol,120000
637,AudiA42.0,Audi,2016,"19,00,000",44000,Diesel,1900000
638,MahindraKUV100,Mahindra,2017,"3,60,000",35000,Diesel,360000
639,TataZestXE,Tata,2018,"4,50,000",102563,Diesel,450000
640,MahindraXUV500W8,Mahindra,2015,"9,00,000",28600,Diesel,900000
641,MarutiSuzukiSwift,Maruti,2017,"6,50,000",41800,Diesel,650000
642,TataSumoGold,Tata,2014,"2,75,000",116000,Diesel,275000
643,MarutiSuzukiSwift,Maruti,2009,"2,10,000",59000,Petrol,210000
644,MahindraScorpio2.6,Mahindra,2004,"1,75,000",58000,Diesel,175000
645,MarutiSuzukiOmni,Maruti,2009,"85,000",45000,Petrol,85000
646,MitsubishiPajeroSport,Mitsubishi,2015,"14,90,000",42590,Diesel,1490000
647,RenaultDuster,Renault,2014,"8,00,000",7400,Diesel,800000
648,VolkswagenJettaComfortline,Volkswagen,2009,"4,50,000",54500,Diesel,450000
649,MarutiSuzukiErtiga,Maruti,2012,"10,00,000",200000,Diesel,1000000
650,AudiA42.0,Audi,2013,"15,10,000",27000,Diesel,1510000
651,VolvoS80Summum,Volvo,2015,"18,50,000",42000,Diesel,1850000
652,ToyotaCorollaAltis,Toyota,2014,"7,90,000",29000,Petrol,790000
653,MitsubishiPajeroSport,Mitsubishi,2015,"17,25,000",37000,Diesel,1725000
654,ChevroletBeatLT,Chevrolet,2012,"1,35,000",36000,Petrol,135000
655,BMWX1,BMW,2011,"10,00,000",34000,Diesel,1000000
656,DatsunRediGO,Datsun,2018,"2,99,999",7000,Petrol,299999
657,MercedesBenzC,Mercedes,2009,"12,25,000",76000,Diesel,1225000
658,MahindraScorpioSLX,Mahindra,2004,"1,75,000",60000,Diesel,175000
659,VolkswagenVentoComfortline,Volkswagen,2011,"2,00,000",95000,Diesel,200000
660,TataIndigoCS,Tata,2017,"2,70,000",50000,Diesel,270000
661,FordFigoPetrol,Ford,2019,"5,25,000",0,Petrol,525000
662,HondaCityZX,Honda,2006,"1,80,000",50000,Petrol,180000
663,MarutiSuzukiWagon,Maruti,2008,"1,40,000",68000,Petrol,140000
664,FordEcoSportTrend,Ford,2014,"4,00,000",16000,Petrol,400000
665,MarutiSuzukiSwift,Maruti,2016,"4,99,000",51000,Diesel,499000
666,MarutiSuzukiOmni,Maruti,2009,"85,000",56000,Petrol,85000
667,MarutiSuzukiZen,Maruti,2004,"70,000",100000,Petrol,70000
668,RenaultDusterRxL,Renault,2015,"5,50,000",36000,Petrol,550000
669,MarutiSuzukiSwift,Maruti,2014,"3,70,000",11523,Petrol,370000
670,MarutiSuzukiBaleno,Maruti,2018,"6,90,000",1000,Petrol,690000
671,HondaWRV,Honda,2009,"2,50,000",60000,Petrol,250000
672,TataIndigoCS,Tata,2016,"1,10,000",85000,Diesel,110000
673,RenaultDuster110,Renault,2013,"4,90,000",38600,Diesel,490000
674,MahindraScorpioLX,Mahindra,2009,"3,20,000",95500,Diesel,320000
675,MarutiSuzukiZen,Maruti,2004,"68,000",56000,Petrol,68000
676,MarutiSuzukiWagon,Maruti,2014,"1,30,000",37458,Petrol,130000
677,MarutiSuzukiSX4,Maruti,2016,"9,70,000",85960,Diesel,970000
678,AudiA3Cabriolet,Audi,2015,"31,00,000",12516,Petrol,3100000
679,HyundaiEonD,Hyundai,2018,"2,80,000",35000,Petrol,280000
680,MarutiSuzukiZen,Maruti,2009,"1,25,000",0,Petrol,125000
681,MahindraScorpioSLX,Mahindra,2008,"2,85,000",80000,Diesel,285000
682,HyundaiSantroAE,Hyundai,2011,"1,65,000",45000,Petrol,165000
683,MarutiSuzukiSwift,Maruti,2009,"2,50,000",51000,Diesel,250000
684,MahindraScorpioS4,Mahindra,2015,"8,65,000",30000,Diesel,865000
685,MahindraXyloD2,Mahindra,2011,"3,90,000",48000,Diesel,390000
686,HyundaiSantro,Hyundai,2003,"60,000",51000,Petrol,60000
687,ChevroletBeatLT,Chevrolet,2015,"2,15,000",90000,Diesel,215000
688,MarutiSuzukiSwift,Maruti,2015,"4,75,000",43000,Diesel,475000
689,MahindraXUV500W8,Mahindra,2015,"8,99,000",53000,Diesel,899000
690,ToyotaFortuner3.0,Toyota,2013,"14,99,000",97000,Diesel,1499000
691,MarutiSuzukiAlto,Maruti,2013,"2,40,000",20000,Petrol,240000
692,HyundaiGetzGLE,Hyundai,2007,"99,000",55000,Petrol,99000
693,MarutiSuzukiSwift,Maruti,2014,"2,60,000",120000,Diesel,260000
694,HyundaiCreta1.6,Hyundai,2019,"12,00,000",0,Petrol,1200000
695,HyundaiSantroXing,Hyundai,2007,"1,15,000",46000,Petrol,115000
696,HyundaiSantroXing,Hyundai,2009,"88,000",43200,Petrol,88000
697,MahindraXyloD2,Mahindra,2011,"3,90,000",56000,Diesel,390000
698,HyundaiSantroXing,Hyundai,2007,"1,35,000",42000,Petrol,135000
699,TataIndicaV2,Tata,2009,"90,000",30600,Diesel,90000
700,Hyundaii10Sportz,Hyundai,2011,"2,20,000",38000,Petrol,220000
701,HyundaiGrandi10,Hyundai,2017,"4,24,999",2550,Petrol,424999
702,HyundaiSantroXing,Hyundai,2007,"1,35,000",47000,Petrol,135000
703,HondaCity1.5,Honda,2005,"95,000",41000,Petrol,95000
704,NissanMicraXL,Nissan,2017,"4,30,000",62500,Diesel,430000
705,HondaCity1.5,Honda,2005,"1,15,000",68000,Petrol,115000
706,MarutiSuzukiAlto,Maruti,2015,"2,15,000",50000,Petrol,215000
707,MarutiSuzukiWagon,Maruti,2004,"53,000",69000,Petrol,53000
708,MarutiSuzukiErtiga,Maruti,2012,"5,00,000",48000,Diesel,500000
709,TataIndicaeV2,Tata,2012,"85,000",55000,Diesel,85000
710,MarutiSuzukiOmni,Maruti,2013,"1,65,000",25000,Petrol,165000
711,HyundaiEonEra,Hyundai,2014,"2,00,000",28400,Petrol,200000
712,HyundaiEon,Hyundai,2014,"2,00,000",28000,Petrol,200000
713,MarutiSuzukiSwift,Maruti,2015,"4,25,000",42000,Diesel,425000
714,HyundaiVerna1.6,Hyundai,2012,"6,00,000",29000,Diesel,600000
715,ChevroletTaveraLS,Chevrolet,2005,"1,30,000",68485,Diesel,130000
716,TataTiagoRevotron,Tata,2018,"4,30,000",3500,Petrol,430000
717,TataTiagoRevotorq,Tata,2019,"5,68,500",0,Petrol,568500
718,MarutiSuzukiZen,Maruti,2006,"71,000",32000,Petrol,71000
719,MahindraKUV100K8,Mahindra,2018,"5,60,000",8000,Diesel,560000
720,FordEcoSportTitanium,Ford,2014,"5,90,000",34000,Diesel,590000
721,HindustanMotorsAmbassador,Hindustan,1995,"7,50,000",37000,Petrol,750000
722,FordFusion1.4,Ford,2007,"1,25,000",85455,Diesel,125000
723,HyundaiSantroXing,Hyundai,2007,"1,35,000",46000,Petrol,135000
724,HyundaiSantro,Hyundai,2002,"60,000",47000,Petrol,60000
725,FiatLineaEmotion,Fiat,2009,"1,20,000",64000,Petrol,120000
726,FordIkon1.3,Ford,2008,"95,000",46000,Petrol,95000
727,MarutiSuzukiOmni,Maruti,2017,"2,40,000",8000,Petrol,240000
728,TataIndicaV2,Tata,2012,"1,15,000",64000,Diesel,115000
729,MahindraScorpioS4,Mahindra,2015,"7,95,000",63000,Diesel,795000
730,HyundaiSantroXing,Hyundai,2007,"55,000",65000,Petrol,55000
731,MahindraXyloD2,Mahindra,2009,"3,00,000",62000,Diesel,300000
732,HyundaiGrandi10,Hyundai,2014,"3,20,000",41000,Petrol,320000
733,MarutiSuzukiAlto,Maruti,2015,"2,65,000",14000,Petrol,265000
734,ToyotaCorolla,Toyota,2006,"1,60,000",40000,Petrol,160000
735,HyundaiEonMagna,Hyundai,2017,"3,00,000",1600,Petrol,300000
736,TataSumoGrande,Tata,2010,"1,30,000",90000,Diesel,130000
737,MarutiSuzukiSwift,Maruti,2011,"2,50,000",58000,Diesel,250000
738,VolkswagenPoloHighline1.2L,Volkswagen,2013,"3,80,000",27000,Petrol,380000
739,MarutiSuzukiAlto,Maruti,2003,"42,000",60000,Petrol,42000
740,TataTiagoRevotron,Tata,2017,"4,00,000",31000,Petrol,400000
741,MarutiSuzukiSwift,Maruti,2009,"1,20,000",90000,Diesel,120000
742,MarutiSuzukiSwift,Maruti,2009,"1,20,000",90000,Diesel,120000
743,TataIndigoeCS,Tata,2016,"1,30,000",150000,Diesel,130000
744,ChevroletBeatLS,Chevrolet,2014,"1,89,000",31000,Diesel,189000
745,MahindraXyloE8,Mahindra,2011,"3,65,000",43000,Diesel,365000
746,HyundaiEonD,Hyundai,2013,"1,70,000",20000,Petrol,170000
747,TataSumoGold,Tata,2013,"2,15,000",100000,Petrol,215000
748,TataNano,Tata,2013,"60,000",7000,Petrol,60000
749,HyundaiElitei20,Hyundai,2017,"5,99,999",31000,Petrol,599999
750,Hyundaii10Magna,Hyundai,2009,"4,00,000",33000,Petrol,400000
751,HyundaiCreta,Hyundai,2016,"9,00,000",60000,Diesel,900000
752,VolkswagenPolo,Volkswagen,2013,"2,99,999",48000,Diesel,299999
753,MarutiSuzukiDzire,Maruti,2014,"3,74,999",33000,Petrol,374999
754,TataBoltXM,Tata,2015,"6,00,000",15000,Petrol,600000
755,MarutiSuzukiAlto,Maruti,2005,"70,000",47000,Petrol,70000
756,MarutiSuzukiAlto,Maruti,2005,"1,00,000",40000,Petrol,100000
757,MarutiSuzukiRitz,Maruti,2010,"1,50,000",38000,Diesel,150000
758,MarutiSuzukiAlto,Maruti,2017,"2,25,000",12500,Petrol,225000
759,MarutiSuzukiDzire,Maruti,2009,"2,10,000",42000,Petrol,210000
760,Hyundaii20Asta,Hyundai,2014,"4,25,000",31000,Petrol,425000
761,MarutiSuzukiSwift,Maruti,2008,"1,62,000",60000,Diesel,162000
762,TataIndicaV2,Tata,2005,"60,000",80000,Diesel,60000
763,MahindraScorpioVLX,Mahindra,2014,"6,50,000",77000,Diesel,650000
764,ToyotaInnova2.5,Toyota,2012,"7,50,000",75000,Diesel,750000
765,MahindraXyloE8,Mahindra,2010,"3,75,000",40000,Diesel,375000
766,Hyundaii20Magna,Hyundai,2011,"2,30,000",47000,Petrol,230000
767,MarutiSuzukiOmni,Maruti,2000,"35,999",60000,Petrol,35999
768,MahindraKUV100,Mahindra,2016,"3,80,000",26500,Petrol,380000
769,MahindraKUV100K8,Mahindra,2019,"5,60,000",2875,Petrol,560000
770,DatsunGoPlus,Datsun,2016,"2,85,000",13900,Petrol,285000
771,FordEndeavor4x4,Ford,2019,"29,00,000",9000,Diesel,2900000
772,TataIndicaV2,Tata,2005,"39,999",80000,Diesel,39999
773,HyundaiSantroXing,Hyundai,2006,"85,000",60000,Petrol,85000
774,MarutiSuzukiWagon,Maruti,2016,"3,95,000",20000,Petrol,395000
775,MarutiSuzukiSwift,Maruti,2008,"1,75,000",58000,Diesel,175000
776,MarutiSuzukiAlto,Maruti,2019,"4,00,000",1500,Petrol,400000
777,ToyotaInnova2.5,Toyota,2011,"7,50,000",75000,Diesel,750000
778,MarutiSuzukiAlto,Maruti,2016,"2,50,000",2450,Petrol,250000
779,MarutiSuzukiAlto,Maruti,2019,"4,25,000",1625,Petrol,425000
780,VolkswagenPoloHighline1.2L,Volkswagen,2017,"5,25,000",45000,Petrol,525000
781,MahindraLogan,Mahindra,2009,"1,30,000",65000,Diesel,130000
782,MarutiSuzuki800,Maruti,2000,"30,000",33400,Petrol,30000
783,MahindraScorpio,Mahindra,2011,"4,75,000",60123,Diesel,475000
784,ChevroletSail1.2,Chevrolet,2013,"3,00,000",28000,Petrol,300000
785,HyundaiSantroAE,Hyundai,2003,"60,000",70000,Petrol,60000
786,MarutiSuzukiWagon,Maruti,2006,"1,00,000",7000,Petrol,100000
787,HyundaiEon,Hyundai,2018,"2,60,000",25000,Petrol,260000
788,TataManza,Tata,2015,"1,00,000",100000,Diesel,100000
789,ToyotaEtiosG,Toyota,2013,"2,65,000",42000,Petrol,265000
790,HyundaiGetzPrime,Hyundai,2009,"1,15,000",20000,Petrol,115000
791,ToyotaQualis,Toyota,2003,"1,80,000",100000,Diesel,180000
792,HyundaiSantroXing,Hyundai,2004,"45,000",137495,Petrol,45000
793,TataIndicaeV2,Tata,2016,"50,500",91200,Diesel,50500
794,HondaCity1.5,Honda,2009,"2,70,000",55000,Petrol,270000
795,TataZestXE,Tata,2017,"2,90,000",120000,Diesel,290000
796,MahindraQuantoC4,Mahindra,2013,"3,25,000",63000,Diesel,325000
797,TataIndigoeCS,Tata,2016,"1,60,000",104000,Diesel,160000
798,MarutiSuzukiSwift,Maruti,2016,"3,50,000",146000,Diesel,350000
799,HyundaiElitei20,Hyundai,2011,"2,90,000",40000,Petrol,290000
800,Hyundaii20Select,Hyundai,2011,"2,90,000",40000,Petrol,290000
801,ChevroletTaveraNeo,Chevrolet,2007,"4,65,000",100800,Diesel,465000
802,MarutiSuzukiDzire,Maruti,2016,"3,25,000",150000,Diesel,325000
803,HyundaiElitei20,Hyundai,2018,"5,10,000",2100,Petrol,510000
804,HondaCityVX,Honda,2016,"8,60,000",95000,Petrol,860000
805,MarutiSuzukiDzire,Maruti,2016,"4,50,000",2500,Diesel,450000
806,HyundaiGetz,Hyundai,2006,"1,25,000",80000,Petrol,125000
807,MercedesBenzC,Mercedes,2006,"5,00,001",15000,Petrol,500001
808,MarutiSuzukiAlto,Maruti,2005,"95,000",65000,Petrol,95000
809,MarutiSuzukiSwift,Maruti,2009,"2,50,000",51000,Diesel,250000
810,SkodaFabia,Skoda,2009,"1,10,000",45000,Petrol,110000
811,MarutiSuzukiRitz,Maruti,2011,"2,70,000",50000,Petrol,270000
812,TataIndicaV2,Tata,2009,"1,10,000",30000,Diesel,110000
813,ToyotaCorollaAltis,Toyota,2009,"3,00,000",132000,Petrol,300000
814,TataZestXM,Tata,2018,"2,60,000",27000,Diesel,260000
815,MahindraQuantoC8,Mahindra,2013,"3,90,000",40000,Diesel,390000
